SNP	receptor	side_effect	phewas_beta	phewas_se	qtl_beta	qtl_se
1:19987713_C_T	HTR6	White blood cell count	0.00796	0.001928	0.449682	0.02676
1:19987713_C_T	HTR6	Neutropenia	0.007719	0.002017	0.449682	0.02676
1:23535161_C_T	HTR1D	Eosinophilia	0.012617	0.002008	0.501837	0.026182
1:23535161_C_T	HTR1D	Lymphadenopathy	0.00823	0.001914	0.501837	0.026182
10:113497978_C_T	ADRA2A	Weight	0.0062	0.0018	0.435459	0.062117
10:115724039_A_G	ADRB1	Hypertension	0.2728	0.0322	-0.290096	0.103404
10:115724039_A_G	ADRB1	Lymphadenopathy	-0.015753	0.002028	-0.290096	0.103404
10:115724039_A_G	ADRB1	Hypertension	0.1974	0.0185	-0.290096	0.103404
10:115724039_A_G	ADRB1	White blood cell count	-0.016491	0.001979	-0.290096	0.103404
10:115724039_A_G	ADRB1	Neutropenia	-0.011969	0.00206	-0.290096	0.103404
10:115814392_C_T	ADRB1	Hypertension	0.2999	0.0302	-0.1662	0.028467
10:115814392_C_T	ADRB1	Hypertension	0.1985	0.0174	-0.1662	0.028467
10:91956356_C_T	HTR7	Hypertension	0.1075	0.0308	0.184739	0.029328
10:93376526_A_C	HTR7	White blood cell count	-0.016579	0.003323	0.390025	0.14234
10:93376526_A_C	HTR7	Neutropenia	-0.015971	0.003472	0.390025	0.14234
11:113448762_A_C	DRD2	Eosinophilia	-0.0077	0.002006	0.337501	0.062478
11:113525969_A_G	HTR3A	Hypertension	0.1363	0.0378	0.357983	0.118499
11:113953106_A_C	DRD2	White blood cell count	0.020423	0.001965	-0.341513	0.107975
11:113953106_A_C	DRD2	Neutropenia	0.02262	0.002052	-0.341513	0.107975
11:46422237_A_G	CHRM4	Hypertension	0.1815	0.0337	-0.506881	0.139425
11:46422237_A_G	CHRM4	Lymphadenopathy	0.009953	0.002096	-0.506881	0.139425
11:46422237_A_G	CHRM4	Hypertension	0.0979	0.0193	-0.506881	0.139425
11:47328197_C_G	CHRM4	Hypertension	0.2006	0.0426	-0.253776	0.086106
11:47328197_C_G	CHRM4	Eosinophilia	-0.010447	0.002797	-0.253776	0.086106
11:611503_A_G	DRD4	Neutropenia	-0.007801	0.002231	-0.428667	0.029596
11:62663535_G_T	CHRM1	Hypertension	-0.1555	0.033	0.276443	0.103368
11:62663535_G_T	CHRM1	Hypertension	-0.0834	0.019	0.276443	0.103368
11:630698_C_T	DRD4	Neutropenia	0.020946	0.005263	-0.735517	0.249798
11:630698_C_T	DRD4	White blood cell count	0.022524	0.005141	-0.735517	0.249798
17:27947425_C_T	SLC6A4	Lymphadenopathy	-0.02866	0.006858	-0.926357	0.234042
17:28561755_A_T	SLC6A4	Lymphadenopathy	-0.016087	0.004205	0.800164	0.275537
17:28841318_C_T	SLC6A4	Eosinophilia	0.01122	0.002801	0.407285	0.14406
19:1009585_C_G	GRIN3B	Lymphadenopathy	0.008981	0.002162	0.355792	0.113838
19:1009585_C_G	GRIN3B	Neutropenia	0.011593	0.002201	0.355792	0.113838
19:1009585_C_G	GRIN3B	White blood cell count	0.013587	0.002129	0.355792	0.113838
19:1015908_C_T	GRIN3B	Neutropenia	0.008706	0.00235	-0.784499	0.064232
19:1015908_C_T	GRIN3B	Neutropenia	0.008706	0.00235	-0.480012	0.112876
19:1015908_C_T	GRIN3B	White blood cell count	0.012117	0.002271	-0.784499	0.064232
19:1015908_C_T	GRIN3B	White blood cell count	0.012117	0.002271	-0.480012	0.112876
19:1015908_C_T	GRIN3B	Lymphadenopathy	0.011445	0.002307	-0.784499	0.064232
19:1015908_C_T	GRIN3B	Lymphadenopathy	0.011445	0.002307	-0.480012	0.112876
19:1016285_C_G	GRIN3B	Neutropenia	0.008654	0.002344	0.55044	0.030756
19:1016285_C_G	GRIN3B	Lymphadenopathy	0.011397	0.002302	0.55044	0.030756
19:1016285_C_G	GRIN3B	White blood cell count	0.011917	0.002266	0.55044	0.030756
2:231174097_C_T	HTR2B	Lymphadenopathy	0.017845	0.002724	-0.540782	0.154654
2:231174097_C_T	HTR2B	Eosinophilia	-0.019303	0.002862	-0.540782	0.154654
2:232285060_A_G	HTR2B	Lymphadenopathy	-0.009104	0.001935	-0.515365	0.135827
2:96429625_A_G	ADRA2B	Eosinophilia	0.033441	0.002028	0.361807	0.097985
2:96429625_A_G	ADRA2B	Hypertension	0.1728	0.0184	0.361807	0.097985
2:96523006_A_C	ADRA2B	Hypertension	0.1368	0.0221	0.410686	0.031408
2:96523006_A_C	ADRA2B	Eosinophilia	0.009991	0.002395	0.410686	0.031408
2:96523006_A_C	ADRA2B	Hypertension	0.1369	0.0388	0.410686	0.031408
2:96738585_C_G	ADRA2B	Hypertension	0.122	0.0225	-0.894775	0.076396
2:96738585_C_G	ADRA2B	Eosinophilia	0.013422	0.002548	-0.894775	0.076396
2:96914636_C_T	ADRA2B	Hypertension	-0.1183	0.0221	0.462943	0.12815
2:96914636_C_T	ADRA2B	Hypertension	-0.1784	0.0386	0.462943	0.12815
2:96914636_C_T	ADRA2B	Lymphadenopathy	0.009986	0.002405	0.462943	0.12815
2:97690757_A_G	ADRA2B	Hypertension	0.144	0.0287	-0.871831	0.284952
2:97690757_A_G	ADRA2B	Hypertension	0.1929	0.0502	-0.871831	0.284952
3:11376080_C_G	HRH1	White blood cell count	-0.009341	0.002578	0.217506	0.03915
3:11376080_C_G	HRH1	Hypertension	-0.2128	0.042	0.217506	0.03915
3:11596348_C_T	HRH1	Hypertension	-0.2003	0.0478	0.695272	0.182174
4:45342647_A_G	GABRG1	Weight	-0.0075	0.0019	-0.433375	0.146075
4:47602599_G_T	GABRB1	Weight	0.0078	0.0022	0.54115	0.13339
5:148120217_A_C	ADRB2	Hypertension	0.1476	0.0368	-0.508737	0.152552
5:148120217_A_C	ADRB2	Neutropenia	0.010628	0.002386	-0.508737	0.152552
5:148120217_A_C	ADRB2	White blood cell count	0.009024	0.002293	-0.508737	0.152552
5:148120217_A_C	ADRB2	Eosinophilia	0.008536	0.002433	-0.508737	0.152552
5:158975663_A_G	ADRA1B	Lymphadenopathy	-0.009356	0.001921	0.188404	0.028826
5:158975663_A_G	ADRA1B	Neutropenia	-0.006892	0.001952	0.188404	0.028826
5:158975663_A_G	ADRA1B	White blood cell count	-0.009586	0.001839	0.188404	0.028826
5:161337873_C_T	GABRA1	White blood cell count	-0.010022	0.002122	-0.2289	0.03046
5:161337873_C_T	GABRA1	Neutropenia	-0.009286	0.002219	-0.2289	0.03046
6:154360797_A_G	OPRM1	Weight	-0.0124	0.0026	-0.737731	0.087748
6:29354809_A_C	GABBR1	Hypertension	0.0704	0.0187	-0.403652	0.132919
6:29354809_A_C	GABBR1	Eosinophilia	0.015757	0.00201	-0.403652	0.132919
6:29354809_A_C	GABBR1	Neutropenia	0.01026	0.001946	-0.403652	0.132919
6:29354809_A_C	GABBR1	White blood cell count	0.020533	0.00187	-0.403652	0.132919
6:29354809_A_C	GABBR1	Lymphadenopathy	0.025898	0.001923	-0.403652	0.132919
6:29580265_G_T	GABBR1	Hypertension	0.1154	0.0307	-0.642617	0.042905
6:29594449_A_C	GABBR1	Hypertension	0.1189	0.0307	-0.880169	0.09486
6:30063496_A_C	GABBR1	Neutropenia	0.012625	0.002472	-0.41653	0.12366
6:30063496_A_C	GABBR1	Eosinophilia	-0.012966	0.002563	-0.41653	0.12366
6:30063496_A_C	GABBR1	White blood cell count	0.013333	0.002376	-0.41653	0.12366
6:30063496_A_C	GABBR1	Lymphadenopathy	0.010856	0.002445	-0.41653	0.12366
6:30065416_C_G	GABBR1	White blood cell count	-0.048495	0.002121	0.4661	0.118755
6:30065416_C_G	GABBR1	Hypertension	-0.1764	0.0213	0.4661	0.118755
6:30065416_C_G	GABBR1	Eosinophilia	-0.043147	0.002265	0.4661	0.118755
6:30065416_C_G	GABBR1	Neutropenia	-0.03197	0.002196	0.4661	0.118755
6:30065416_C_G	GABBR1	Hypertension	-0.1352	0.0376	0.4661	0.118755
6:30065416_C_G	GABBR1	Lymphadenopathy	-0.047075	0.002172	0.4661	0.118755
6:88152535_A_C	HTR1E	Neutropenia	-0.022588	0.001939	-0.43269	0.104261
6:88152535_A_C	HTR1E	White blood cell count	-0.014556	0.001856	-0.43269	0.104261
6:88152535_A_C	HTR1E	Eosinophilia	0.014213	0.002003	-0.43269	0.104261
8:26778519_A_T	ADRA1A	Weight	0.007	0.002	0.323877	0.032605
8:26778519_A_T	ADRA1A	Hypertension	-0.0921	0.02	0.323877	0.032605
8:54119214_A_G	OPRK1	Weight	-0.0075	0.0019	-0.471256	0.114011
9:102281113_G_T	GABBR2	Neutropenia	0.011474	0.002038	-0.329381	0.099371
9:102281113_G_T	GABBR2	Lymphadenopathy	0.008513	0.002008	-0.329381	0.099371
9:102281113_G_T	GABBR2	White blood cell count	0.012918	0.00195	-0.329381	0.099371
9:104421888_G_T	GRIN3A	Weight	-0.0103	0.0017	-0.237968	0.036287
9:104476262_C_T	GRIN3A	Weight	0.0094	0.0017	0.335966	0.062026
9:139300876_A_G	GRIN1	Eosinophilia	0.012821	0.001999	0.349554	0.105923
9:139300876_A_G	GRIN1	Neutropenia	0.024974	0.001983	0.349554	0.105923
9:139300876_A_G	GRIN1	White blood cell count	0.019857	0.001903	0.349554	0.105923
